var	rel.inf
RFV13D	24.893577104473454
NUMDIS	16.365401169165384
RFV2	16.07601617615813
TOTDIAG	10.095670400743217
RFV3	9.520416078009436
CONSULT	7.894102363803532
NUMGIV	7.0238137167414125
PTTINR	2.674465931136736
AGE	2.4523638939731534
TOTCHRON	1.7154744731598726
NUMMED	0.6946675990263103
BLOODCX	0.5940310936093511
