var	rel.inf
NUMDIS	22.913257241089912
RFV13D	18.940498694893652
TOTDIAG	15.101527368176558
CONSULT	10.723076545950148
RFV3	9.39388982639641
NUMGIV	9.060178863403866
RFV2	6.696216767017679
PTTINR	3.4480964204246147
TOTCHRON	1.9491943975330959
AGE	1.7740638751140585
