feature	coefficient
TOTDIAG	0.29566365786467047
NUMGIV	0.29443749312538614
NUMDIS	-0.2543132266879002
OBSSTAY	-0.18577052774822966
CONSULT0	-0.18574856746689175
CONSULT1	0.18445843339989806
TOTCHRON	0.17133885790343273
ZONENURS2	-0.15564303475476546
AGE	0.12794655138937325
ARREMS2	-0.11535113663146002
