feature	coefficient
TOTDIAG	0.41169611739484097
CONSULT0	-0.3977042419986446
NUMGIV	0.34341809920467964
NUMDIS	-0.30814053646081624
RETRNED0	0.3005542691296917
OBSSTAY	-0.24491288117540985
ZONENURS2	-0.20139047778076594
TOTCHRON	0.1901841858108685
CBC0	-0.16587651525896804
AGE	0.15822187055044012
