Estimate	Std. Error	z value	Pr(>|z|)
-3.551743915759389	0.712113521191138	-4.987609152285801	6.113108287773613e-7
0.04633471792596261	0.17205380774665235	0.26930364711364047	0.7876960258346678
11.145540512897616	398.3274994160682	0.027980846236417327	0.9776774276546776
12.113353704349523	398.3273440650226	0.03041055022919077	0.9757396308821193
12.133437328767382	398.3273592319351	0.03046096896824608	0.9756994211768079
12.412719197283359	398.327431773721	0.031162099838342762	0.9751402651724653
