feature	coefficient
CONSULT0	-0.036983265449259284
CONSULT1	0.03698310316741571
NUMGIV	0.03440358778806353
TOTDIAG	0.03204584974222466
PTTINR0	-0.028791567085654158
PTTINR1	0.028791314037751523
CBC0	-0.02499526610016623
CBC1	0.024995150192102644
BLOODCX1	0.02461938305652126
BLOODCX0	-0.024619322027631507
